id,name,director,gender,realese_date,duration
1,"Rules of Attraction, The",Kimbra Lamberti,Comedy|Drama|Romance|Thriller,2/7/2023,103
2,Seven Angry Men,Kim Cortin,Drama|Western,10/30/2022,224
3,Hombre,Rina Bytheway,Western,3/13/2023,240
4,"Midsummer Night's Dream, A",Augustine Sore,Comedy|Fantasy|Romance,3/31/2023,112
5,Godzilla vs. Mechagodzilla II (Gojira VS Mekagojira),Cleo Beever,Action|Drama|Sci-Fi,11/4/2022,233
6,Less is More (Menos es más),Carlye Revance,Comedy,8/15/2023,246
7,"House, The (A Casa)",Elane Binge,Drama,7/19/2023,108
8,No End (Bez konca),Korie McCool,Drama,9/15/2023,123
9,Funny Farm,Buck Cheasman,Comedy,10/18/2023,282
10,Thawing Out (La fonte des neiges) ,Ellerey Boughton,Comedy|Drama,2/11/2023,285
11,Company,Alene Drieu,Drama|Musical,8/14/2023,189
12,Pekka ja Pätkä lumimiehen jäljillä,Nicolais Mazin,Comedy,4/20/2023,145
13,"Best of Ernie and Bert, The",Mirilla Parzizek,Children,4/21/2023,180
14,Back to Bataan,Janka Matthews,Drama|War,2/3/2023,198
15,After Five in the Jungle (Nach Fünf im Urwald),Livvie Twentyman,Comedy|Romance,10/30/2022,158
16,The Next Voice You Hear....,Camala Dellenbroker,Drama,4/3/2023,112
17,"Belly of an Architect, The",Opaline Brayshaw,Drama,6/8/2023,220
18,Delivery Man,Darius Mowles,Comedy,12/16/2022,155
19,Walking with Prehistoric Beasts,Tori Pavek,Animation|Documentary,10/16/2023,138
20,Summer and Smoke,Laryssa Loudwell,Drama|Romance,4/4/2023,221
21,Bernice Bobs Her Hair,Ruprecht Hadenton,Comedy|Drama,5/2/2023,236
22,Hollywood or Bust,Pia Comellini,Comedy|Musical,8/28/2023,96
23,Amarcord,Demetris Pahlsson,Comedy|Drama,6/18/2023,243
24,Bobby,Sarah Greatreax,Drama,1/28/2023,132
25,Archie To Riverdale and Back Again,Caldwell Bonefant,Comedy,2/16/2023,190
26,Hatchet,Jasmine Celler,Comedy|Horror,1/21/2023,233
27,Steam,Nikita Tucknott,Comedy|Drama|Romance,11/21/2022,97
28,Gone Baby Gone,Shell Mackneis,Crime|Drama|Mystery,11/11/2022,280
29,Young Again,Wake Harfleet,Fantasy,6/16/2023,230
30,"Not for or Against (Quite the Contrary) (Ni pour, ni contre (bien au contraire))",Dennet Kubacek,Crime|Drama,4/21/2023,131
31,Runaway Brain ,Nehemiah Whitear,Animation|Comedy|Sci-Fi,6/13/2023,149
32,"Parallax View, The",Marna Wakeham,Thriller,5/10/2023,252
33,Stoker,Wallis Vasenin,Drama|Mystery|Thriller,10/8/2023,123
34,"Hunt for Red October, The",Sallie Dufer,Action|Adventure|Thriller,12/21/2022,180
35,"Tarzan, the Ape Man",Madelene Michin,Adventure,6/22/2023,300
36,"Human Condition III, The (Ningen no joken III)",Trudi Wilber,Drama|War,7/1/2023,257
37,Suspicious River,Mamie McIlmorie,Drama,5/31/2023,267
38,Bloody Birthday,Hermy Wyllie,Horror|Thriller,10/24/2023,160
39,"Funny Thing Happened on the Way to the Forum, A",Chris Northover,Comedy|Musical,6/5/2023,282
40,Remember Me (Ricordati di me),Tracy Remnant,Comedy|Drama|Romance,2/5/2023,298
41,All's Faire in Love,Aubrey Booley,Comedy,12/21/2022,133
42,The Love Machine,Mercie Fripp,Drama,7/27/2023,147
43,"Take Care of Your Scarf, Tatiana (Pidä huivista kiinni, Tatjana)",Madelin Fryatt,Comedy,4/4/2023,239
44,Bikes vs Cars,Giffy Kenaway,Documentary,3/21/2023,246
45,2 Days in the Valley,Cherey Cheel,Crime|Film-Noir,12/29/2022,149
46,Inside the Twin Towers,Adamo Bredgeland,Drama,8/14/2023,190
47,Murphy's Law,Blair Joules,Action,8/17/2023,269
48,"Danse: The Paris Opera Ballet, La (La Danse - Le ballet de l'Opéra de Paris)",Hinze Bamford,Documentary,9/18/2023,225
49,Skies Above the Landscape (Nebo iznad krajolika),Claire Bentick,Comedy,6/18/2023,252
50,Everybody Wants to Be Italian,Faye Vowels,Comedy|Romance,11/28/2022,298
51,Dear Jesse,Briney Cholerton,Documentary,9/12/2023,286
52,"Monster Club, The",Amata Rosini,Comedy|Horror,7/19/2023,300
53,Salt of the Earth,Joya Couve,Drama,8/19/2023,101
54,12 Angry Men,Gleda Rutter,Crime|Drama,12/11/2022,247
55,Where the Day Takes You,Tyson Boutflour,Drama,5/4/2023,139
56,The Golden Eye,Hilly Weatherill,Crime|Mystery|Thriller,5/16/2023,286
57,Wise Blood,Maurits Natt,Comedy|Drama,9/4/2023,100
58,Tainted,Arvy Mintram,Comedy|Thriller,2/14/2023,117
59,Blackball,Arabela Lemon,Comedy|Drama,10/28/2023,93
60,Kansas,Sela Mollindinia,Crime|Drama,9/5/2023,262
61,Better Living Through Circuitry,Tymon Saltern,Documentary,12/20/2022,144
62,Poor White Trash,Leigh Reddick,Comedy|Crime,11/7/2022,98
63,Mondo Cane,Pancho Rhodes,Documentary,9/3/2023,289
64,Bartok the Magnificent,Abdel Stanford,Animation|Children,8/16/2023,218
65,Tunes of Glory,Laurel Gillingwater,Drama,9/20/2023,194
66,SSSSSSS,Felix Elsdon,Horror|Sci-Fi,12/6/2022,137
67,Riders of the Purple Sage,Gibbie Lefort,Drama|Romance|Western,1/28/2023,291
68,Motivational Growth,Nealon Sink,Comedy|Horror,3/15/2023,178
69,Puckoon,Adelheid Surcomb,Comedy,3/3/2023,286
70,"Lady, The",Jerrie Coaker,Drama,2/22/2023,295
71,People in Places,Gayelord Tonkinson,Comedy|Drama,11/24/2022,110
72,It's Pat,Tabbie Gethins,Comedy,2/19/2023,173
73,Highlander II: The Quickening,Giustina Dufaur,Action|Sci-Fi,6/21/2023,167
74,Paradise Lost 2: Revelations,Cherish Wiggington,Documentary,7/24/2023,143
75,Tristram Shandy: A Cock and Bull Story,Reynold Gudgen,Comedy|Drama,10/23/2023,189
76,"Canterville Ghost, The",Fifine Pailin,Comedy|Fantasy,2/7/2023,235
77,Just a Gigolo,Jarib McHenry,Comedy|Romance,12/9/2022,163
78,Whoregasm,Kelwin Effnert,(no genres listed),8/31/2023,144
79,Bring It On,Lydie Feasley,Comedy,9/1/2023,240
80,Virus,Fabio Boskell,Horror|Sci-Fi,5/18/2023,199
81,Faces of Death: Fact or Fiction?,Anderea Cotty,Documentary|Horror,10/4/2023,239
82,Crawlspace,Donnell Wycliffe,Horror|Mystery|Sci-Fi|Thriller,9/28/2023,136
83,Mercury Rising,Kellen Van der Beek,Action|Drama|Thriller,4/20/2023,268
84,Daughter of the Nile (Ni luo he nu er),Verla Sketch,Drama,10/23/2023,227
85,Wide Awake,Laina Bourgourd,Children|Comedy|Drama,12/2/2022,193
86,Bells of Capistrano,Letty Arbor,Western,12/10/2022,290
87,"Naked Spur, The",Francine Durtnel,Western,8/21/2023,276
88,Every Stewardess Goes to Heaven (Todas las azafatas van al cielo),Auguste Dacke,Drama|Romance,5/30/2023,263
89,"Young Black Stallion, The",Rutherford Leblanc,Adventure|Children|Drama,4/28/2023,290
90,Tomorrow at Dawn (Demain dès l'aube),Onofredo Yushkov,Drama,4/6/2023,289
91,"Shepherd of the Hills, The",Agata Grinvalds,Drama,1/6/2023,109
92,Dancing Outlaw II: Jesco Goes to Hollywood,Kaleena Pether,Documentary,8/25/2023,250
93,"Line King: The Al Hirschfeld Story, The",Perry Spafford,Documentary,10/8/2023,264
94,Penthouse North,Delaney Sancraft,Drama|Mystery|Thriller,10/8/2023,178
95,"Seasoning House, The",Hill Labell,Horror|Thriller,12/2/2022,160
96,"Return of Mod Squad, The",Maxy Birtle,Crime|Drama,10/31/2022,159
97,Don't Look Back,Thurstan Gabala,Documentary|Musical,4/18/2023,271
98,Spooky House,Mirna Gateland,Children,3/7/2023,224
99,Apartment 4E ,Collen Cagan,Drama|Mystery,8/16/2023,132
100,"Remember the Daze (Beautiful Ordinary, The)",Belle Yerborn,Comedy|Drama,3/2/2023,123
101,"End of Summer, The (Early Autumn) (Kohayagawa-ke no aki)",Rowen Lambeth,Drama,5/7/2023,224
102,Lovecraft: Fear of the Unknown,Mariellen Stollmeyer,Documentary,5/7/2023,161
103,"Circle, The",Bliss Slym,Drama,5/18/2023,161
104,Elektra,Salvidor Chasmoor,Action|Adventure|Crime|Drama,8/3/2023,235
105,Make Mine Music,Aura Torpie,Animation|Children|Musical,10/16/2023,247
106,Easy A,Alfy Brittlebank,Comedy|Romance,3/2/2023,148
107,"I Are You, You Am Me (Tenkosei)",Sayre Staniford,Comedy,3/17/2023,141
108,Live and Let Die,Meagan Fulham,Action|Adventure|Thriller,12/4/2022,172
109,Hardcore,Ginger Trewartha,Drama,4/7/2023,134
110,Capital (Le capital),Milicent Woodings,Drama,7/23/2023,212
111,Persuasion,Thorstein Kirkland,Drama|Romance,12/21/2022,110
112,Chicks with Sticks,Fern Wixey,Comedy|Drama,3/11/2023,117
113,Love and Other Troubles,Kailey McMorland,Comedy|Romance,8/25/2023,172
114,Cowards Bend the Knee (a.k.a. The Blue Hands),Waverly Pogson,Drama|Romance,7/11/2023,121
115,Killing Lincoln,Jermain Bentsen,Drama|War,1/23/2023,256
116,"20,000 Leagues Under the Sea",Page Beefon,Action|Adventure|Sci-Fi,6/25/2023,110
117,Thesis on a Homicide,Leone Bonavia,Crime|Mystery|Thriller,12/18/2022,91
118,DNA,Gerda Levicount,Action|Sci-Fi,7/27/2023,269
119,"Substitute, The",Blondell Sanford,Drama|Thriller,10/23/2023,213
120,Ole dole doff,Gabbey Cartman,Drama,11/27/2022,214
121,"Long Walk Home, The",Lissi Greystock,Drama,2/13/2023,214
122,"Stepford Wives, The",Heddi Dowd,Comedy|Fantasy|Thriller,7/13/2023,193
123,Louie Bluie,Chancey Cardow,Documentary,3/12/2023,164
124,"41-Year-Old Virgin Who Knocked Up Sarah Marshall and Felt Superbad About It, The",Connie Georg,Comedy,5/5/2023,215
125,Sazen Tange and the Pot Worth a Million Ryo,Joellen Baldack,Comedy|Drama,4/1/2023,125
126,"Yearling, The",Allis Osmund,Adventure|Children|Drama,8/2/2023,249
127,"Education of Charlie Banks, The",Giacinta Ludewig,Drama,12/31/2022,251
128,"War Wagon, The",Renault Clearley,Action|Western,2/19/2023,186
129,3:10 to Yuma,Corina Greschik,Action|Adventure|Drama|Thriller|Western,11/5/2022,282
130,Tyler Perry's Why Did I Get Married?,Rutter Skaife d'Ingerthorpe,Comedy|Drama,1/29/2023,123
131,Jack and Jill,Darby MacKeogh,Comedy,4/13/2023,274
132,Going All the Way,Dona Bills,Comedy|Drama,4/16/2023,193
133,"Citizen, The",Jereme Keilloh,Drama,2/2/2023,275
134,Cruel Intentions,Andris MacAlroy,Drama,12/10/2022,269
135,Sword of the Valiant,Dorene McKeaveney,Action|Adventure|Fantasy|Romance,5/12/2023,152
136,Country Life,Lazare Fantonetti,Drama|Romance,7/4/2023,190
137,Out in the Dark,Magdalena Clive,Drama|Romance,10/18/2023,300
138,Auntie Mame,Tori Toderi,Comedy|Drama,5/14/2023,91
139,Ong-Bak 2: The Beginning (Ong Bak 2),Huntington Hamman,Action,5/28/2023,230
140,Hoodwinked!,Benedetta Gomar,Animation|Children|Comedy,7/20/2023,202
141,Arn: The Kingdom at Road's End (Arn: Riket vid vägens slut),Lelia Lum,Action|Adventure|Drama|Romance|War,4/15/2023,209
142,Dead Reckoning,Rey Drought,Drama|Film-Noir|Mystery,10/3/2023,103
143,Cinderella,Ignazio Buard,Adventure|Children|Drama|Sci-Fi,8/25/2023,151
144,"Naked Man, The",Waverly Hills,Drama,2/19/2023,224
145,Speed Zone! (a.k.a. Cannonball Run III),Shannon Doghartie,Action|Comedy,10/1/2023,209
146,Crazy Love,Joel Sharrocks,Documentary,7/5/2023,223
147,Foreign Intrigue,Fanchette Gouda,Thriller,12/19/2022,300
148,Brüno (Bruno),Dinah Tisun,Comedy,1/31/2023,149
149,"Lesser Blessed, The",Allissa Inger,Drama,10/4/2023,267
150,"Cairo Station (a.k.a. Iron Gate, The) (Bab el hadid)",Maddy Blight,Crime|Drama,10/18/2023,121
151,Somewhere in the Night,Abeu Ovenell,Crime|Drama|Film-Noir,8/18/2023,184
152,11 Flowers (Wo 11),Darcie Crassweller,Drama,8/21/2023,171
153,Restless (Uro),Moshe Aldwich,Action|Crime|Thriller,5/30/2023,281
154,Bloody Pit of Horror (Il boia scarlatto) (Virgins for the Hangman),Brady Tomadoni,Horror,3/15/2023,273
155,Kickboxer 4: The Aggressor,Vincenty Fay,Action|Thriller,2/15/2023,277
156,Back in the Saddle (Back in the Saddle Again),Kenna Bywater,Action|Drama|Western,5/29/2023,197
157,"Beautiful Person, The (La belle personne)",Victoria Sawell,Drama|Romance,4/18/2023,187
158,Charlie Chan at the Race Track,Elana Willwood,Comedy|Crime|Mystery|Thriller,9/16/2023,100
159,The Black Devil,Somerset Dulen,Comedy|Fantasy,3/2/2023,167
160,"First Grader, The",Annora Akehurst,Drama,8/8/2023,133
161,Summer of Sam,Gae Armor,Drama,2/27/2023,107
162,"Marseillaise, La",Malvin ducarme,Drama|War,1/9/2023,187
163,Wrong Turn 3: Left for Dead,Ellary Sumpner,Horror,1/10/2023,213
164,The 39 Steps,Doug Gregorin,Crime|Mystery|Thriller,4/10/2023,116
165,The Last Diamond,Bel Kunkel,Drama,11/10/2022,300
166,Peggy Sue Got Married,Jayne Fawlkes,Comedy|Drama,9/24/2023,146
167,"Outlaw and His Wife, The (a.k.a. You and I) (Berg-Ejvind och hans hustru)",Nealson O Mullen,Drama,1/30/2023,98
168,Fiddler on the Roof,Lyssa Cokayne,Drama|Musical,4/27/2023,276
169,Trouble with the Curve,Alysa Leemans,Drama,2/7/2023,259
170,"Terror, The",Fancie Bramelt,Horror|Mystery,4/22/2023,132
171,The Captains,Allis Ceeley,Documentary|Sci-Fi,11/30/2022,203
172,Ghost Rider,Clo Coonan,Action|Fantasy|Thriller,3/13/2023,100
173,Angel on My Shoulder,Nathalia Moulding,Crime|Drama,2/20/2023,197
174,Going in Style,Binni Plowell,Comedy|Drama,9/2/2023,269
175,Redline,Tallia Yearsley,Action|Animation|Sci-Fi,12/23/2022,193
176,"Damned United, The",Veronique Foskew,Drama,12/13/2022,186
177,Something Wild,Tiffi Chillingsworth,Drama,2/27/2023,132
178,Miracle,Alfy Gieves,Drama,6/2/2023,106
179,Mirage,Ephraim Gazey,Mystery|Thriller,11/8/2022,253
180,Different for Girls,Candide Routh,Comedy,6/19/2023,135
181,Matti: Hell Is for Heroes (Matti),Thurstan Gajownik,Comedy|Drama,2/27/2023,179
182,Millie,Cordelia Tubridy,Drama|Romance,7/29/2023,115
183,Dangerous Davies: The Last Detective,Shel McAllester,Comedy|Crime,8/14/2023,137
184,Blindsight,Davidde Beyne,Adventure|Documentary,10/14/2023,260
185,The Skinny,Pincas Biesty,Comedy|Drama|Romance,4/26/2023,196
186,One Deadly Summer (L'été meurtrier),Hyatt Greenless,Comedy|Drama|Mystery,9/16/2023,167
187,"Hollow Crown, The",Dougy Champneys,Drama,5/22/2023,180
188,Home Fries,Beau Denney,Comedy|Romance,7/20/2023,244
189,Emma,Nap Skegg,Comedy|Drama|Romance,3/29/2023,258
190,Dr. Jekyll and Mr. Hyde,Edwin Masser,Drama|Horror,5/9/2023,271
191,Mondo Trasho,Adriano Ruppert,Comedy,2/3/2023,224
192,Alien Nation: The Udara Legacy,Meredeth Rappoport,Sci-Fi,4/5/2023,293
193,Broadcast News,Clayton Whal,Comedy|Drama|Romance,2/9/2023,90
194,Starry Eyes,Codie Nurcombe,Horror,4/8/2023,281
195,"Abominable Dr. Phibes, The",Ingunna Whitebrook,Horror|Mystery,11/6/2022,276
196,No Country for Old Men,Nikolia Maty,Crime|Drama,12/8/2022,90
197,Superproduction (Superprodukcja),Charil Legerwood,Comedy,12/22/2022,287
198,Breathless,Burton DeSousa,Thriller,10/9/2023,193
199,Small Time Crooks,Michell Wodham,Comedy|Crime,4/20/2023,155
200,Thinner,Jodee Moreton,Horror|Thriller,11/2/2022,265
201,For Love of Ivy,Cullie Phin,Comedy|Drama|Romance,4/25/2023,264
202,Cosmonaut (Cosmonauta),Rowan Mattingson,Comedy,6/28/2023,107
203,"Raisin in the Sun, A",Avrit Marages,Drama,6/3/2023,276
204,Mrs. Pollifax-Spy,Noella O'Dunneen,Adventure|Comedy,7/9/2023,93
205,Nadja,Keir McCarrell,Drama,7/29/2023,221
206,"Cove, The",Ravi Castanaga,Documentary,4/25/2023,276
207,Becket,Ellary Dresse,Drama,1/30/2023,115
208,Strip Search,Jobi Tidcomb,Drama,5/8/2023,245
209,Léon: The Professional (a.k.a. The Professional) (Léon),Wallie Feldberger,Action|Crime|Drama|Thriller,4/6/2023,231
210,Things You Can Tell Just by Looking at Her,Mariann Kobiela,Drama|Romance,9/24/2023,235
211,Dead Man's Bluff,Noby Shankster,Action|Comedy|Crime,12/18/2022,194
212,Grass: A Nation's Battle for Life,Maisey De Zamudio,Documentary,10/24/2023,105
213,ParaNorman,Pollyanna Skepper,Adventure|Animation|Comedy,10/25/2023,255
214,If Looks Could Kill,Vivia Youson,Action|Comedy,5/1/2023,168
215,Brain Damage,Eduardo Quince,Comedy|Horror,1/16/2023,224
216,Getting Any? (Minnâ-yatteruka!),Manuel Ogan,Comedy,3/2/2023,218
217,Bugsy,Sibel MacCook,Crime|Drama,10/25/2023,284
218,"Kentucky Fried Movie, The",Ave Baggiani,Comedy,2/27/2023,207
219,Funny Girl,Horace Stendall,Drama|Musical|Romance,9/15/2023,298
220,Ted Bundy,Kacey Huntall,Crime|Drama|Thriller,4/23/2023,188
221,Repentance,Elnar Stallon,Drama|Horror|Thriller,9/6/2023,192
222,Resident Evil,Smith Dast,Action|Horror|Sci-Fi|Thriller,10/20/2023,95
223,Camelot,Ed Dunsmuir,Drama|Musical|Romance,6/8/2023,131
224,Joe the King,Hynda Doran,Crime|Drama,3/5/2023,237
225,Marihuana,Carola Vasyukhnov,Documentary|Drama,11/20/2022,191
226,Mississippi Grind,Gusella O' Dornan,Drama,9/21/2023,126
227,Bereavement,Ingrid Coultard,Horror,5/20/2023,295
228,"House on Telegraph Hill, The",Justin Buzine,Drama|Film-Noir|Mystery|Thriller,4/16/2023,151
229,Ordinary Miracles,Johannes Limpricht,Drama,11/15/2022,266
230,Scarlet Diva,Meghan Lob,Drama,10/11/2023,174
231,Lacombe Lucien,Elane Killelea,Drama,6/26/2023,196
232,"House, The (A Casa)",Bellanca MacNish,Drama,6/16/2023,112
233,"Dyatlov Pass Incident, The (Devil's Pass)",Mariette Longhorne,Mystery|Thriller,3/27/2023,111
234,The Nativity,Giustino Kavanagh,Children|Drama,4/2/2023,143
235,Maelström,Obadiah Leamon,Drama|Romance,4/5/2023,296
236,"Bothersome Man, The (Brysomme mannen, Den)",Adolphe Logsdail,Comedy|Drama|Fantasy|Mystery,3/9/2023,267
237,Lights Out,Rutter Dracey,Horror|Thriller,7/25/2023,227
238,S.O.S. Coast Guard,Janifer Filipputti,Action|Adventure|Sci-Fi|Thriller,6/27/2023,238
239,"H.M. Pulham, Esq.",Horatius Langdon,Drama|Romance,12/3/2022,151
240,Malibu's Most Wanted,Prissie Jacobson,Comedy|Crime,8/29/2023,292
241,Star Trek II: The Wrath of Khan,Clare Rignold,Action|Adventure|Sci-Fi|Thriller,8/1/2023,213
242,In Fear,Melisandra Heed,Thriller,5/2/2023,221
243,Bianca Beauchamp: All Access,Eliza Sharville,Documentary,8/20/2023,283
244,"Out-of-Towners, The",Ailina Bugdale,Comedy,1/18/2023,281
245,Barrier (Bariera),Clair Magauran,Comedy|Drama,12/10/2022,163
246,Werewolves on Wheels,Koressa Havvock,Horror,10/8/2023,263
247,Cropsey,Almeria Caughtry,Documentary|Horror,6/10/2023,133
248,Cold Souls,Alexandro Simeonov,Comedy|Drama,4/29/2023,108
249,Wild Gals Of The Naked West,Kristi Cossor,Comedy|Western,11/27/2022,253
250,Inspector Palmu's Error (Komisario Palmun erehdys),Jocelyne Pittaway,Comedy|Crime|Mystery|Thriller,2/14/2023,161
251,Solaris (Solyaris),Anatole Creswell,Drama|Mystery|Sci-Fi,1/25/2023,275
252,"Boogie (Boogie, el aceitoso)",Rutherford Pattenden,Action|Animation|Crime,2/18/2023,111
253,Daylight Robbery,Florrie Wildman,Crime|Drama|Thriller,5/29/2023,270
254,Carnage,Tandie Dunnan,Comedy|Drama,10/30/2022,144
255,SubUrbia,Caresa Dybbe,Comedy|Drama,4/12/2023,235
256,Bullet Ballet,Aldous Crawshay,Crime|Drama|Sci-Fi|Thriller,10/12/2023,174
257,Flash Gordon's Trip to Mars,Chicky Dri,Action|Sci-Fi,12/5/2022,252
258,Death Before Dishonor,Rainer Collick,Action|Drama,3/28/2023,291
259,Pathfinder,Minda Tattam,Action|Adventure|Drama|Thriller|War,12/13/2022,105
260,Lone Wolf and Cub: Baby Cart to Hades (Kozure Ôkami: Shinikazeni mukau ubaguruma),Blanch Petrishchev,Action|Drama,9/19/2023,122
261,"Big Stampede, The",Bianka Rieme,Western,8/27/2023,95
262,More,Bastian Roscoe,Crime|Drama|Romance,3/23/2023,162
263,Blood in the Mobile,Fin Plott,Documentary,6/5/2023,128
264,We Can Be Heroes,Welsh Snar,(no genres listed),12/17/2022,258
265,Club Dread,Mathilde Firidolfi,Comedy|Horror,12/15/2022,126
266,Hysteria: The Def Leppard Story,Trina Sone,Drama,11/27/2022,268
267,"Baron of Arizona, The",Milo Milne,Drama|Romance|Western,4/30/2023,231
268,"Son, The (Le fils)",Maggi Giff,Drama,4/3/2023,174
269,Destry Rides Again,Maxie Bauman,Comedy|Western,12/28/2022,156
270,Birth,Corey Pendry,Drama|Mystery,8/11/2023,291
271,Asfour Stah,Davidde Skoof,Drama,11/9/2022,169
272,"Initiation, The",Lucinda Springle,Horror|Mystery|Thriller,6/1/2023,214
273,Haunt,Devin McGougan,Horror|Mystery,1/22/2023,197
274,Doom,Bev Bernardeschi,Action|Horror|Sci-Fi,6/23/2023,255
275,Holiday in Handcuffs,Cherida Henningham,Comedy|Romance,8/7/2023,112
276,Machine Gun McCain (Gli intoccabili),Delores Campa,Crime|Drama|Thriller,12/24/2022,138
277,Zero Charisma,Justinn Kinkaid,Comedy|Drama,8/7/2023,198
278,"Perfect Crime, The (Crimen Ferpecto) (Ferpect Crime)",Ase Eyers,Comedy|Crime|Thriller,10/10/2023,254
279,All in a Night's Work,Coleen Jurasz,Comedy,8/15/2023,97
280,Easy Money,Fredric Sinnett,Comedy,12/1/2022,126
281,Leap Year,Gardner Yesson,Comedy|Romance,9/16/2023,194
282,Silent Hill,Roobbie Revington,Fantasy|Horror|Thriller,3/30/2023,148
283,"Tao of Steve, The",Homerus Jennings,Comedy,7/13/2023,90
284,A Justified Life: Sam Peckinpah and the High Country,Tallulah Sayward,Documentary,5/2/2023,210
285,"Little Brother, Big Trouble: A Christmas Adventure (Niko 2: Lentäjäveljekset)",Lorena Letessier,Adventure|Animation|Children|Comedy,12/17/2022,149
286,"Devil Came on Horseback, The",Melanie Zanicchelli,Documentary,10/22/2023,223
287,Legally Blondes,Harri MacAnespie,Children|Comedy,9/17/2023,134
288,Mutant Aliens,Rosanna Feaviour,Animation|Comedy|Sci-Fi,11/6/2022,286
289,Tribes,Salvador Hoolaghan,Drama,12/24/2022,126
290,Spy Game,Eberto Downing,Action|Crime|Drama|Thriller,6/21/2023,158
291,Romanzo Criminale,Lavina Borley,Crime|Drama,11/7/2022,195
292,Come and Get It,Gilemette Mercik,Drama,4/3/2023,232
293,Winnie the Pooh and Tigger Too,Deloris Rosenkranc,Animation|Children,4/23/2023,168
294,Out in the Dark,Anna-diana Costello,Drama|Romance,11/3/2022,185
295,Aftershock,Jeffy Mazzilli,Horror|Thriller,7/3/2023,229
296,Kit Kittredge: An American Girl,Whitney Brotherton,Children|Comedy|Drama|Mystery,4/19/2023,91
297,Gang Tapes,Walden Kyles,Drama,9/18/2023,250
298,"Touch of Zen, A (Xia nu)",Dagny Pizey,Action|Adventure,6/9/2023,112
299,Raising Helen,Jeramie Tebboth,Comedy|Drama|Romance,8/7/2023,114
300,Magic Camp,Sherie Casotti,Children|Documentary,5/11/2023,129
301,Facing Ali,Magdaia Ygoe,Documentary,9/5/2023,226
302,At Midnight I'll Take Your Soul (À Meia-Noite Levarei Sua Alma),Elberta Leahy,Horror,1/23/2023,155
303,History of the Eagles,Blancha Chellam,Documentary,12/9/2022,104
304,Love Is the Devil,Clary Laborda,Drama,4/2/2023,228
305,Vice Squad,Annis Noteyoung,Crime|Drama,9/1/2023,289
306,"Omen, The",Beck Crutchley,Horror|Mystery|Thriller,1/14/2023,114
307,Attila (Attila the Hun),Ulrika Bande,Drama,3/9/2023,178
308,Aliisa,Darcey Wedon,Drama,8/23/2023,243
309,Farscape: The Peacekeeper Wars,Raffaello Torrie,Action|Adventure|Sci-Fi,5/20/2023,194
310,National Gallery,Wiley Probate,Documentary,11/10/2022,156
311,"Muse, The",Shayla Balmer,Comedy,11/30/2022,280
312,Turkish Delight (Turks fruit),Freemon Moyler,Drama|Romance,2/23/2023,209
313,"Extremely Goofy Movie, An",Arlee Dowe,Animation|Children|Comedy,11/5/2022,275
314,Upstairs and Downstairs,Eleanor Simon,Comedy,6/3/2023,257
315,Made in Heaven,Sidonnie Lindup,Fantasy|Romance,2/10/2023,280
316,Burning Blue,Archer Itzcovichch,Drama|Romance|War,5/13/2023,152
317,Incendies,Petr Farndell,Drama|Mystery|War,8/5/2023,121
318,Citizen Koch,Melinde Sleith,Documentary,7/25/2023,110
319,Vibrator,Hughie Cleynman,Drama,9/20/2023,241
320,Year of the Comet,Ashby Buffery,Action|Adventure|Comedy|Romance,4/13/2023,241
321,"Year of Living Vicariously, The",Felisha Gunn,Documentary,10/12/2023,153
322,"Rebound, The",Hayward Spatarul,Comedy|Romance,4/20/2023,107
323,"Vie en Rose, La (Môme, La)",Robinett Gullyes,Drama|Musical,8/15/2023,216
324,Inbetween Worlds,Federica Bourgeois,Drama,3/6/2023,214
325,Speed & Angels,Nell Comrie,Documentary|Drama,8/1/2023,120
326,Shriek If You Know What I Did Last Friday the Thirteenth,Casey Lasseter,Comedy|Horror,7/20/2023,138
327,Exodus: Gods and Kings,Richardo Sivil,Action|Adventure|Drama,10/19/2023,179
328,"Upside of Anger, The",Loise Gherardi,Comedy|Drama|Romance,7/21/2023,288
329,MacArthur,Arline Harmes,Drama,1/28/2023,104
330,"Deep, The (Djúpið)",Trev Michel,Drama,12/25/2022,174
331,"Murder of Crows, A",Adriana Clilverd,Action|Crime|Thriller,8/11/2023,168
332,Sleep with Me,Heindrick Rabbet,Comedy|Drama|Romance,4/18/2023,179
333,"S21: The Khmer Rouge Death Machine (S-21, la machine de mort Khmère rouge)",Aili Mayers,Documentary|War,9/7/2023,236
334,"World of Apu, The (Apur Sansar)",Cordie Cucuzza,Drama,11/24/2022,155
335,Otaku,Farleigh Power,Documentary,1/5/2023,94
336,Burnt Offerings,Cory Lilburne,Horror,3/17/2023,299
337,Cimarron,Abby Charlewood,Drama|Western,9/29/2023,223
338,Last Call (Hoogste tijd),Rab Dobble,Drama,5/24/2023,253
339,"Prince & Me II: The Royal Wedding, The",Aretha Le Blond,Comedy|Romance,5/13/2023,192
340,"Girl, The",Corabella Willows,Drama,8/25/2023,139
341,Gothika,Edythe Kynoch,Horror|Thriller,4/17/2023,223
342,"Quarry, The",Mickie Larter,Drama,12/28/2022,223
343,Chatroom,Isidore Lankford,Crime|Drama|Mystery|Thriller,11/2/2022,178
344,Send a Bullet (Manda Bala),Jeffie Vallentine,Documentary,7/21/2023,209
345,Heaven's Burning,Kasper Brezlaw,Action|Drama,11/20/2022,267
346,Heaven & Earth,Alyosha Burthom,Action|Drama|War,11/14/2022,185
347,Taking Chance,Laney Sandells,Drama|War,10/6/2023,177
348,One Shot,Lloyd Yu,Documentary,8/23/2023,180
349,My Wife is an Actress (Ma Femme est une Actrice),Rolf Wellum,Comedy|Drama|Romance,8/11/2023,133
350,Went the Day Well?,Meggy Whiteford,Thriller|War,2/26/2023,257
351,Spinning Plates,Franzen Loncaster,Documentary,5/7/2023,189
352,Commando,Coriss Kitchingman,Action|Adventure,6/18/2023,290
353,Romanzo Criminale,Alfonso Aldwick,Crime|Drama,7/7/2023,143
354,Comrades: Almost a Love Story (Tian mi mi),Hill Toolin,Drama|Romance,8/10/2023,246
355,Zerophilia,Arda Lisimore,Comedy|Romance,9/20/2023,267
356,Introducing Dorothy Dandridge,Franzen O'Dougherty,Drama|Musical|Romance,6/26/2023,210
357,Tony,Rodrique Cuniam,Drama|Horror|Thriller,6/14/2023,107
358,"Construction, The (En construcción)",Dennet Koubu,Documentary,4/15/2023,197
359,"Shunning, The",Consuelo Pickvance,Drama,6/25/2023,258
360,Marlowe,Norina Roselli,Crime|Drama|Mystery,4/26/2023,173
361,"Unfinished Life, An",Timi Harriday,Drama,8/22/2023,242
362,Aaron Loves Angela,Barry Seleway,Comedy|Drama|Romance|Thriller,2/10/2023,117
363,Lammbock,Anderea Hemphall,Comedy,11/5/2022,190
364,Dead Alive (Braindead),Philippe Stormouth,Comedy|Fantasy|Horror,12/29/2022,163
365,Charlie Chan in The Chinese Cat,Quintana Budgeon,Comedy|Crime|Mystery|Thriller,5/15/2023,204
366,Executioners (Xian dai hao xia zhuan),Carolin Meric,Action|Comedy|Sci-Fi,2/15/2023,282
367,9 Souls (Nain souruzu),Isidora Laffling,Drama,2/12/2023,253
368,"Far Side of the Moon, The (Face cachée de la lune, La)",Ellen Strass,Drama,9/18/2023,178
369,It Rains in My Village (Bice skoro propast sveta),Nyssa Stobbart,Drama,8/29/2023,197
370,"Case of the Whitechapel Vampire, The",Loraine Danter,Crime|Mystery,4/22/2023,265
371,Roustabout,Merwyn Heinicke,Drama|Musical|Romance,3/11/2023,214
372,Shallow Grave,Ainslie Bernholt,Comedy|Drama|Thriller,10/2/2023,266
373,Long Weekend,Percival Guyon,Horror|Mystery|Thriller,7/3/2023,141
374,Signs,Retha Loins,Horror|Sci-Fi|Thriller,3/22/2023,136
375,Cat and Dog,Anderea Addyman,Comedy|Crime,4/25/2023,118
376,Copycat,Mattie Iorns,Crime|Drama|Horror|Mystery|Thriller,1/15/2023,179
377,Trial of the Road (Check-up on the Roads) (Checkpoint) (Proverka na dorogakh),Saleem Clyde,Drama|War,1/29/2023,229
378,Glowing Stars,Beniamino Dobsons,Drama,2/1/2023,228
379,"Ugly American, The",Della Harwell,Drama,12/4/2022,299
380,2 + 2 (Dos más dos),Alfonse Langabeer,Comedy,2/20/2023,242
381,Life Is a Long Quiet River (La vie est un long fleuve tranquille),Salem Ivasyushkin,Comedy,12/28/2022,188
382,Factotum,Leo Suffield,Drama,8/11/2023,190
383,Edge of Darkness,Sharia Bemment,Drama|War,8/12/2023,231
384,"Devil's Carnival, The",Nikola Safhill,Horror|Musical,1/18/2023,146
385,Second Best,Korry Clements,Drama,3/22/2023,282
386,Sugar,Celina Tourville,Drama,7/8/2023,292
387,Bill Bailey: Qualmpeddler,Xever Plenderleith,Comedy,5/1/2023,176
388,"Last Godfather, The",Neala Chastelain,Comedy,4/14/2023,195
389,Sleepwalk with Me,Britni Ferronet,Comedy|Drama,12/22/2022,244
390,Putzel,Baillie McGlew,Comedy|Romance,9/29/2023,104
391,"One Potato, Two Potato",Fanchon Fernando,Drama,1/24/2023,196
392,East Palace West Palace (Dong gong xi gong),Hilde Bullivant,Drama,12/27/2022,198
393,Change of Habit,Malorie Keaton,Drama,9/6/2023,91
394,"Lodger: A Story of the London Fog, The",Nola Pyle,Crime|Drama|Thriller,7/27/2023,186
395,Vietnam in HD,Levi Spittall,War,1/11/2023,175
396,"Moon in the Gutter, The (La lune dans le caniveau)",Cristiano Jepperson,Drama,5/16/2023,241
397,Vice,Car Bernardos,Action|Adventure|Sci-Fi|Thriller,4/17/2023,285
398,Her Alibi,Cher Vost,Comedy|Romance,2/5/2023,104
399,Arthur 2: On the Rocks,Lauralee Duddridge,Comedy|Romance,9/24/2023,286
400,Day Night Day Night,Gaston Castagnaro,Crime|Drama|Thriller,10/18/2023,274
401,"Big One, The",Adore Guthrum,Comedy|Documentary,8/1/2023,259
402,Baarìa,Mahala Spain-Gower,Comedy|Drama|War,12/9/2022,225
403,Stella Street,Nickola Croisdall,Comedy,6/8/2023,104
404,Dark Skies,Drusilla Sayer,Horror|Sci-Fi|Thriller,1/7/2023,278
405,Legendary Weapons of China,Nancee Clancey,Action|Adventure,8/7/2023,141
406,"Legally Blonde 2: Red, White & Blonde",Junette Bucknill,Comedy,5/25/2023,190
407,"Housekeeper, The (femme de ménage, Une)",Sandor Synder,Comedy|Drama|Romance,7/5/2023,139
408,Places in the Heart,Aldus Leyshon,Drama,1/20/2023,282
409,"Mother, I Love You",Chad Wildash,Drama,9/14/2023,262
410,Born to Raise Hell,Kissee Wadwell,Action,12/14/2022,95
411,Down by Law,Lonna Goburn,Comedy|Drama|Film-Noir,11/11/2022,195
412,"It's the Great Pumpkin, Charlie Brown",Pren Hinrichsen,Animation|Children|Comedy,2/23/2023,274
413,Murphy's Romance,Ki Mitford,Comedy|Romance,10/20/2023,243
414,No One Dies in Lily Dale,Ardis Farndale,Documentary,1/13/2023,145
415,First Daughter,Gill Blucher,Comedy|Romance|Thriller,2/14/2023,147
416,Kings of Recycling (Kierrätyksen kuninkaat),Alejandro Nardrup,Documentary,10/1/2023,224
417,Bill Bailey: Qualmpeddler,Aldin Drewe,Comedy,12/27/2022,172
418,Millhaven,Chanda Willers,Animation,3/31/2023,154
419,Moscow on the Hudson,Olivia Woolfitt,Comedy|Drama,7/31/2023,97
420,Old Man Made in Spain (Abuelo made in Spain),Muhammad Gurys,Comedy,4/5/2023,227
421,High Tension (Haute tension) (Switchblade Romance),Linn Eytel,Horror|Thriller,3/29/2023,100
422,PT 109,Margy Boome,Drama|War,6/25/2023,145
423,Blood Feast,Angil Neesam,Horror,9/25/2023,157
424,"End of the Affair, The",Jocelyne Lambshine,Drama,7/31/2023,202
425,"Svensson, Svensson - I nöd och lust",Mada Phateplace,Comedy,1/4/2023,278
426,Rise of the Guardians,Daniele Brusin,Adventure|Animation|Fantasy|IMAX,11/10/2022,162
427,Hidden Agenda,Berry Alwell,Drama|Thriller,12/25/2022,219
428,"Monsters, Inc.",Gerhardt Fores,Adventure|Animation|Children|Comedy|Fantasy,1/30/2023,216
429,Michael,Fraser Risbridge,Comedy|Drama|Fantasy|Romance,10/28/2023,233
430,Man of Steel,Freddy Swainger,Action|Adventure|Fantasy|Sci-Fi|IMAX,10/13/2023,280
431,Kill Theory,Kore Surplice,Horror|Thriller,10/20/2023,186
432,American Pie Presents: The Book of Love (American Pie 7: The Book of Love),Lyon Deville,Comedy,3/28/2023,246
433,"Hound of the Baskervilles, The",Kandy Blew,Crime|Horror|Mystery,8/30/2023,206
434,Our Song,Lonni Luttgert,Drama,2/7/2023,179
435,"Get2Gether, A",Dame Heinl,Comedy,8/11/2023,125
436,"Jerky Boys, The",Jodie Lewins,Comedy,8/13/2023,151
437,180° South (180 Degrees South) (180° South: Conquerors of the Useless),Koressa Andreoletti,Documentary|Drama,10/1/2023,153
438,She Monkeys,Arthur Wile,Drama,12/29/2022,182
439,Unfinished Sky,Chelsea Densey,Drama|Romance,7/29/2023,251
440,Venus Boyz,Deane Tilt,Documentary,3/10/2023,195
441,Perrier's Bounty,Mata Gut,Action|Comedy|Crime|Drama,1/10/2023,230
442,"Thousand Words, A",Happy Winspur,Comedy|Drama,4/1/2023,111
443,How to Make an American Quilt,Misha Standish-Brooks,Drama|Romance,6/6/2023,274
444,Corvette Summer,Tandi Trillo,Adventure|Comedy,8/24/2023,126
445,Jules and Jim (Jules et Jim),Kimmy Dunphy,Drama|Romance,7/3/2023,286
446,"Last Time I Saw Archie, The",Gianna Oherlihy,Comedy|Romance|War,5/5/2023,238
447,"Macbeth (a.k.a. Tragedy of Macbeth, The)",Burg Whitlock,Drama,2/21/2023,181
448,Sleepwalk with Me,Lenci Gilbeart,Comedy|Drama,11/16/2022,121
449,Ruby Sparks,Micheal Palmar,Comedy|Fantasy|Romance,4/10/2023,165
450,Star Wars: Episode III - Revenge of the Sith,Tiebout Hammelberg,Action|Adventure|Sci-Fi,6/15/2023,300
451,Iron Man 2,Egbert Guenther,Action|Adventure|Sci-Fi|Thriller|IMAX,4/16/2023,275
452,Crac,Renelle Bromwich,Animation,4/13/2023,300
453,Corn Island (Simindis kundzuli),Regen Aksell,Drama,7/17/2023,169
454,"Mad Masters, The (Les maîtres fous)",Carola Wile,Documentary,12/12/2022,152
455,Jack's Back ,Birch Charlton,Crime|Horror|Mystery|Thriller,10/27/2023,133
456,My Sex Life... or How I Got Into an Argument (Comment je me suis disputé... (ma vie sexuelle)),Evelin Hayfield,Comedy|Drama|Romance,8/21/2023,177
457,"Letter for the King, The (Brief voor de koning, De)",Karylin Boot,Adventure,8/15/2023,279
458,Shakespeare in Love,Elga Reece,Comedy|Drama|Romance,9/18/2023,196
459,Private Hell 36,Sayres Cully,Crime|Drama|Film-Noir,6/18/2023,262
460,"Fist of Fury (Chinese Connection, The) (Jing wu men)",Gardy Twomey,Action|Drama|Romance|Thriller,3/24/2023,288
461,Rocco and His Brothers (Rocco e i suoi fratelli),Chryste Brideaux,Crime|Drama,7/2/2023,104
462,Cycling with Moliere (Alceste à bicyclette),Stafani Hinz,Comedy|Drama,4/12/2023,252
463,"Strangers, The",Godard Targett,Horror|Thriller,3/11/2023,186
464,"Ultramarines: A Warhammer 40,000 Movie",Fedora Ritmeyer,Animation|Sci-Fi,9/14/2023,108
465,Zero Day,Raimundo Irdale,Drama,4/20/2023,289
466,Maybe Baby,Zelma Badwick,Comedy|Romance,3/28/2023,280
467,Fantastic Voyage,Tina Obell,Adventure|Sci-Fi,5/19/2023,262
468,Brian's Song,Dyanne O'Currine,Drama,12/25/2022,150
469,Let It Be,Maisey Toothill,Documentary,7/8/2023,133
470,Puzzlehead,Robinia Pinchon,Drama|Sci-Fi,4/13/2023,212
471,With Great Power: The Stan Lee Story,Patty Bulfoot,Documentary,8/10/2023,97
472,"Keeper, The",Jana Oxteby,Crime|Drama|Thriller,10/1/2023,195
473,Get Low,Orelie Heavyside,Comedy|Drama|Mystery,2/5/2023,258
474,2009: Lost Memories,Joanne Houtby,Action|Sci-Fi|Thriller,7/9/2023,187
475,Kiwi!,Darb Lowry,Action|Animation,10/16/2023,202
476,Grown Ups 2,Vinny Covington,Comedy,5/5/2023,286
477,Land,Giustina Gaughan,Documentary,6/23/2023,237
478,Sister Helen ,Ashil Allcroft,Documentary,8/4/2023,149
479,Food of the Gods II,Devan Brunker,Horror|Sci-Fi,3/21/2023,223
480,Ripe,Rhetta Vlies,Drama,12/3/2022,201
481,"13 Frightened Girls! (Candy Web, The)",Gabbey Pickavant,Adventure|Comedy|Thriller,10/19/2023,256
482,Blablablá,Uri Bassam,(no genres listed),10/23/2023,161
483,Something's Gonna Live,Aloysia Patriskson,Documentary,3/27/2023,136
484,Bucky Larson: Born to Be a Star,Di Brabham,Comedy,8/9/2023,155
485,Halloween,Bard Mulliner,Horror,9/23/2023,152
486,The Noble Family,Barry Wildber,Comedy,7/11/2023,212
487,"Great Yokai War, The (Yôkai daisensô)",Nikki Joinson,Adventure|Comedy|Fantasy|Horror,9/24/2023,238
488,Diana Vreeland: The Eye Has to Travel,Vince Savatier,Documentary,10/12/2023,256
489,"Sensation of Sight, The",Harbert Dady,Drama,5/30/2023,92
490,"Sumo Do, Sumo Don't (Shiko funjatta)",Ekaterina Bevington,Comedy,8/30/2023,128
491,Tamara Drewe,Chaunce Begg,Comedy|Drama|Romance,5/15/2023,270
492,Abigail's Party,Deena Tallman,Drama,2/8/2023,139
493,Holiday Inn,Cullin Nitto,Comedy|Musical,5/15/2023,205
494,"Baby, the Rain Must Fall",Viviene Tatters,Drama,12/27/2022,254
495,Dune,Julia Bruhn,Adventure|Sci-Fi,3/25/2023,174
496,Casino Jack and the United States of Money,Dena Quinnet,Documentary,2/13/2023,292
497,"Vanishing, The",Moreen MacClay,Mystery|Thriller,6/10/2023,296
498,We Cause Scenes,Addie Graith,(no genres listed),8/10/2023,276
499,"Last Taboo, The",Daffie Duffell,Documentary,2/5/2023,112
500,Agatha Christie's 'Ten Little Indians' (Ten Little Indians) (And Then There Were None),Hailee Tackley,Mystery,6/28/2023,202
501,State Affairs (Une affaire d'état),Lorne Maylin,Thriller,3/23/2023,171
502,Polyester,Rickard Crannell,Comedy,5/12/2023,230
503,"Stone Left Unturned, A (Kovat miehet)",Aylmer Jirek,Comedy|Drama,9/3/2023,197
504,Star Trek: Insurrection,Abbi Casham,Action|Drama|Romance|Sci-Fi,3/24/2023,214
505,Eyes of the Mothman,Rudolph Habbes,Documentary,11/23/2022,104
506,Blind Date,Glori Cannan,Horror|Thriller,10/16/2023,263
507,Hearts of Darkness: A Filmmakers Apocalypse,Billie Drewet,Documentary,7/20/2023,117
508,All the Little Animals,Sergeant Woodworth,Drama|Thriller,9/22/2023,277
509,Sweet Sixteen,Mack Beidebeke,Drama,7/13/2023,243
510,Werckmeister Harmonies (Werckmeister harmóniák),Ginger Brumby,Drama,9/26/2023,253
511,Undiscovered,Averill Nibley,Comedy|Drama|Romance,4/19/2023,169
512,Higher Ground,Othelia Waudby,Drama,5/28/2023,249
513,Haunted Castle,Griff Sara,Animation|Horror|IMAX,10/7/2023,120
514,Blissfully Yours (Sud sanaeha),Gaylene Trewartha,Drama|Romance,5/30/2023,159
515,Retribution (Sakebi),Frank Mellody,Horror|Mystery|Thriller,8/31/2023,240
516,Stone of Destiny,Allyce Bursnall,Adventure|Comedy|Crime|Drama,7/31/2023,127
517,"Rain People, The",Allys Nutten,Drama,2/10/2023,179
518,Reagan,Athena Dosedale,Documentary,2/24/2023,167
519,Rogue,Audry Ricciardello,Action|Adventure|Horror|Thriller,8/9/2023,275
520,Doc of the Dead,Britt Grenter,Documentary,11/24/2022,229
521,Labor Day,Nicholle Hick,Drama|Romance,8/28/2023,275
522,Shag,Zaria Kiljan,Comedy|Drama,5/4/2023,172
523,Chef,Oliver Nesfield,Comedy,9/7/2023,181
524,Hamlet,Sharity Leglise,Crime|Drama|Romance,7/26/2023,217
525,Sink or Swim,Stearne Seiler,Documentary,9/4/2023,165
526,Sh! The Octopus,Loni Worms,Comedy|Mystery,5/8/2023,97
527,Much Ado About Something,Val Quesne,Documentary,7/2/2023,241
528,Love Affair,Devonna Berendsen,Comedy|Drama|Romance,11/12/2022,161
529,Mr. Toad's Wild Ride (a.k.a. The Wind in the Willows),Thelma Gurge,Adventure|Animation|Comedy,3/30/2023,208
530,All About Anna,Moshe Calderhead,Comedy|Drama|Romance,6/27/2023,138
531,Turbulence,Liva Clift,Action|Thriller,12/28/2022,210
532,Fifty/Fifty,Arthur Bissill,Action|Comedy|Thriller,10/13/2023,166
533,I Declare War,Leonanie O'Hartnedy,Action|Comedy|Drama,12/11/2022,227
534,Latitudes,Myrtie Gumb,Drama|Romance,4/1/2023,238
535,"Galaxy Invader, The",Suki Allberry,Sci-Fi,2/14/2023,262
536,You May Not Kiss the Bride,Haleigh Iglesiaz,Action|Comedy|Crime|Romance,11/26/2022,259
537,"Apprenticeship of Duddy Kravitz, The",Vivi Aps,Comedy|Drama,9/19/2023,255
538,Crazy Love,Maurine Shitliffe,Documentary,1/26/2023,156
539,Rodan (Sora no daikaijû Radon),Jeremy Iacoboni,Adventure,1/25/2023,177
540,"Resurrected, The",Sonnnie Titterrell,Horror,9/1/2023,248
541,Nothing's All Bad,Rhianon Carbin,Drama,2/6/2023,96
542,Asterix and the Vikings (Astérix et les Vikings),Darryl Hand,Adventure|Animation|Children|Comedy|Fantasy,5/21/2023,149
543,9 1/2 Weeks (Nine 1/2 Weeks),Aubrie Josefowicz,Drama|Romance,2/4/2023,141
544,"36th Chamber of Shaolin, The (Shao Lin san shi liu fang) (Master Killer)",Jeanna Gillatt,Action|Adventure,3/18/2023,163
545,Adam Had Four Sons,Meade Gaucher,Drama|Romance,10/26/2023,282
546,Buck Privates,Raoul Ricardot,Comedy|Musical,10/23/2023,296
547,"Thirteenth Floor, The",Katinka Cadd,Drama|Sci-Fi|Thriller,12/22/2022,262
548,"Abandoned, The",Erinna Huggen,Horror|Mystery|Thriller,10/7/2023,195
549,Mr. Nice Guy (Yat goh ho yan),Marsha MacCracken,Action|Comedy,12/25/2022,112
550,Kabul Express,Klarrisa Liggins,Action|Comedy|Drama|Thriller,8/6/2023,293
551,In the Army Now,Austin Gresly,Comedy|War,2/21/2023,197
552,Monsoon Wedding,Cirillo Dommerque,Comedy|Romance,11/14/2022,107
553,Salaam Cinema,Hillie Bohike,Comedy|Documentary|Drama,7/20/2023,293
554,Impromptu,Dinnie Stockney,Comedy|Romance,1/24/2023,162
555,Tobor the Great,Deck Knotton,Children|Sci-Fi,8/23/2023,173
556,Paradise: Faith (Paradies: Glaube),Chiquita Henbury,Drama,7/21/2023,283
557,Texas Killing Fields,Reuben Heaford,Crime|Drama|Thriller,12/7/2022,147
558,Human Resources (Ressources humaines),Fred Kendle,Drama,4/15/2023,263
559,High Spirits,Avram Nurny,Comedy,11/14/2022,177
560,Parasomnia,Lyndsey Stanner,Horror|Romance|Thriller,9/23/2023,130
561,Second in Command,Fancy Deaville,Action|Thriller,8/28/2023,122
562,"Dirty Dozen, The",Janos Pettyfer,Action|Drama|War,2/10/2023,109
563,Ai Weiwei: Never Sorry,Nicolle Malyon,Documentary,4/24/2023,191
564,Wooden Crosses (Les croix de bois),Mychal Twigge,Drama|War,3/23/2023,266
565,Big Animal (Duze zwierze),Montgomery Sherar,Comedy|Drama,8/22/2023,256
566,"Tale of Sweeney Todd, The",Tally Charlon,Crime|Drama|Horror|Thriller,8/5/2023,125
567,"Farewell, My Queen (Les adieux à la reine)",Adrian Burchall,Drama|Romance,7/28/2023,91
568,Wedding Crashers,Tracey Jell,Comedy|Romance,2/24/2023,231
569,"6th Man, The (Sixth Man, The)",Cary Smickle,Comedy,2/26/2023,246
570,Hudson Hawk,Coralie McCutcheon,Action|Adventure|Comedy,1/3/2023,286
571,The Butterfly Effect 3: Revelations,Marlyn Lorenzini,Drama|Fantasy|Sci-Fi|Thriller,4/25/2023,245
572,"ChubbChubbs!, The",Justine Amer,Animation|Comedy|Sci-Fi,10/17/2023,220
573,"Pick-up Artist, The",Ermanno Wilcher,Comedy|Romance,1/1/2023,203
574,Rockin' in the Rockies,Gerri O'Rudden,Comedy|Musical|Western,12/25/2022,237
575,"Trip, The",Catriona Marginson,Comedy|Drama,12/6/2022,266
576,Jennifer 8,Crin Adamovicz,Mystery|Thriller,3/7/2023,249
577,Christmas in Connecticut,Norine Lorrie,Comedy|Romance,7/1/2023,280
578,One Fine Day,Joelynn Cunniffe,Drama|Romance,1/21/2023,131
579,Sapphire,Ryan Croot,Crime|Drama|Mystery|Thriller,10/17/2023,258
580,Dark Angel (I Come in Peace),Cynthy Alan,Action|Horror|Sci-Fi|Thriller,10/26/2023,283
581,When the Wind Blows,Mil Keveren,Animation|War,3/9/2023,255
582,7 Days in Havana,Mendel Huygen,Drama,9/23/2023,174
583,Eastern Promises,Ermentrude Burnett,Crime|Drama|Thriller,5/22/2023,98
584,"Adventures of Ford Fairlane, The",Perceval Banford,Action|Comedy,1/9/2023,151
585,"Terrorist, The (a.k.a. Malli) (Theeviravaathi)",Tallie Franzewitch,Drama,6/27/2023,239
586,Faces of Death: Fact or Fiction?,Gail Delue,Documentary|Horror,4/19/2023,146
587,Defenders of Riga,Emile Pendrich,Action|Drama|War,9/19/2023,245
588,"Price Above Rubies, A",Wren Delagua,Drama,3/3/2023,111
589,Dolphin Tale,Jodi Edelston,Children|Drama,4/19/2023,219
590,My Dog Tulip,Baryram Habbal,Animation|Drama,4/29/2023,158
591,"Marriage of Maria Braun, The (Ehe der Maria Braun, Die)",Correy Clendening,Drama,2/26/2023,123
592,"Witches of Eastwick, The",Glynn Freeman,Comedy|Fantasy|Horror|Thriller,11/12/2022,102
593,Donovan's Reef,Winny Gallimore,Action|Comedy|Romance,1/30/2023,217
594,The Boyfriend School,Brandice Klein,Comedy|Romance,10/20/2023,152
595,Lacombe Lucien,Wilton Temblett,Drama,5/8/2023,258
596,"Innocent, The (Innocente, L')",Bob Fearenside,Drama|Romance,1/1/2023,102
597,"Stratton Story, The",Ezekiel Grimes,Drama|Romance,12/17/2022,99
598,"Hard Day's Night, A",Alikee Johnsey,Adventure|Comedy|Musical,9/16/2023,158
599,Texas Chainsaw 3D,Nerta Kyberd,Horror|Mystery|Thriller,7/2/2023,203
600,Eagle vs Shark,Rogerio Walles,Comedy,7/1/2023,105
601,Loins of Punjab Presents,Giff Bayston,Comedy,3/20/2023,190
602,"Cure for Love, A (Lekarstwo na milosc)",Krystal Firpi,Comedy|Crime|Romance,2/4/2023,188
603,Raise the Titanic,Clive Jaze,Drama|Thriller,11/20/2022,170
604,Notorious,Albertina Aleksandrikin,Film-Noir|Romance|Thriller,10/9/2023,260
605,"Elephant in the Living Room, The",Avivah Nutkin,Documentary,9/14/2023,164
606,"Valachi Papers,The",Garv Aldhous,Crime|Drama,6/18/2023,293
607,"Nibelungen: Siegfried, Die",Denny Swarbrick,Adventure|Drama|Fantasy,8/5/2023,118
608,Clint Eastwood: Out of the Shadows,Lena Richardsson,Documentary,5/10/2023,119
609,Bells of Capistrano,Meghan Gemeau,Western,11/12/2022,146
610,Disco Pigs,Lev Pulford,Drama,7/4/2023,137
611,"Perfect Couple, A",Alanah Cerie,Comedy|Romance,3/18/2023,109
612,Adjust Your Tracking,Norry Kelso,Documentary,3/30/2023,176
613,"Agronomist, The",Lenci Dalrymple,Documentary,8/7/2023,239
614,Dead End Drive-In,Imojean De Vaan,Action|Drama|Horror|Sci-Fi|Thriller,7/6/2023,108
615,Farewell My Concubine (Ba wang bie ji),Lucien Glaysher,Drama|Romance,9/23/2023,202
616,Together Again,Shirlee Wetherald,Comedy,1/11/2023,140
617,To Live and Die in L.A.,Anna-maria Reay,Action|Crime|Drama|Thriller,2/2/2023,156
618,"Mattei Affair, The (Il caso Mattei)",Fredrika Haysom,Crime|Drama|Mystery,8/22/2023,220
619,Police Python 357,Gnni Ninnoli,Thriller,4/15/2023,164
620,"Don't Worry, I'm Fine (Je vais bien, ne t'en fais pas)",Burl Keri,Drama,5/4/2023,263
621,"Woman in Black, The",Lynnet Hanbury,Horror|Mystery,3/5/2023,169
622,Daar,Gregory Hamlen,Drama|Horror|Mystery|Romance|Thriller,11/17/2022,288
623,"Good Guys and the Bad Guys, The",Yuma Stace,Comedy|Western,1/19/2023,247
624,Sailor of the King,Brandon Porte,Action|Drama,9/11/2023,300
625,Heldorado,Estella Kenworth,Musical|Western,10/1/2023,163
626,Sincerely Yours,Lewiss Dumbrill,Drama|Musical,12/28/2022,102
627,Ben-Hur,Ernestus Weeden,Action|Adventure|Drama,9/4/2023,248
628,Viridiana,Mic Ruffle,Comedy|Drama,11/21/2022,200
629,"Big Trail, The",Nicol Chandlar,Adventure|Romance|Western,9/20/2023,163
630,Resistance,Essie Sturmey,Drama|Romance|War,5/26/2023,229
631,Used Cars,Addie Doubleday,Comedy,4/6/2023,136
632,Conflict,Valery Budd,Drama|Film-Noir,12/7/2022,133
633,"Surrender, Dorothy",Andris Headey,Drama,7/16/2023,105
634,Waiting...,Ninon Tandey,Comedy,11/20/2022,293
635,"War Wagon, The",Terza Morden,Action|Western,9/25/2023,277
636,Paper Planes,Kare Attew,Children,10/10/2023,136
637,ComDads (les Compères),Osbert Nickoll,Comedy|Crime,5/23/2023,110
638,Vizontele Tuuba,Rodge Segrott,Comedy|Drama,8/23/2023,132
639,"Silences of the Palace, The (Saimt el Qusur)",Correna Aslam,Drama,3/16/2023,258
640,Hostage,Meriel Luce,Action|Crime|Drama|Thriller,4/2/2023,227
641,"Sapphires, The",Gabie Vidler,Comedy|Drama|Musical,4/27/2023,257
642,"Letter to Elia, A",Alano Pole,Documentary,3/11/2023,297
643,"Commune, La (Paris, 1871)",Wileen Syres,Drama|War,6/10/2023,96
644,Deuce Bigalow: Male Gigolo,Terence Copping,Comedy,11/28/2022,147
645,21-87,Gabriello Workes,Documentary,9/15/2023,293
646,Glory Daze,Dan Swarbrick,Drama,8/27/2023,190
647,Slap Her... She's French (a.k.a. She Gets What She Wants),Rebekah Fludder,Comedy,5/9/2023,245
648,Sexual Life,Margaretha O'Monahan,Romance,10/16/2023,114
649,The Four Feathers,Sunny Stilldale,Adventure|Drama|Romance|War,7/18/2023,215
650,Goodbye Pork Pie,Di France,Action|Adventure|Drama,9/7/2023,138
651,Black Moon Rising,Rosabel Armfirld,Action|Crime|Sci-Fi|Thriller,9/27/2023,248
652,Dragon Ball Z: Broly Second Coming (Doragon bôru Z 10: Kiken na futari! Sûpâ senshi wa nemurenai),Domini Stickley,Action|Adventure|Animation,4/25/2023,298
653,What Matters Most,Jodie Espadater,Drama,11/6/2022,154
654,Who Wants to Kill Jessie? (Kdo chce zabít Jessii?),Corly Rentoul,Comedy|Sci-Fi,7/23/2023,208
655,Hitler's Children,Barbette Plaid,Documentary,8/5/2023,242
656,Craig Ferguson: A Wee Bit o' Revolution,Moyra Jenks,Comedy,4/2/2023,184
657,"Mackintosh Man, The",Bronson Dunnan,Action|Drama|Thriller,11/3/2022,142
658,Inside: 'Dr. Strangelove or How I Learned to Stop Worrying and Love the Bomb',Rebecka Jindracek,Documentary,12/13/2022,241
659,Nativity!,Eward Le Page,Children|Comedy|Musical,5/1/2023,283
660,I Was an Adventuress,Hollis Gabitis,Comedy|Crime,9/17/2023,190
661,Hold Back the Dawn,Anne-marie Knoles,Drama|Romance,5/31/2023,261
662,Reap the Wild Wind,Reinold Cadney,Action|Adventure|Drama,2/18/2023,179
663,Ready to Wear (Pret-A-Porter),Indira Hardcastle,Comedy,1/9/2023,109
664,Hit by Lightning,Marjie Alliston,Comedy|Crime|Romance,1/12/2023,283
665,"Sensation of Sight, The",Emlyn Delany,Drama,5/21/2023,228
666,Ollie Hopnoodle's Haven of Bliss,Jorge Hainsworth,Children|Comedy,9/25/2023,190
667,"Kindred, The",Estele Charte,Horror|Sci-Fi,7/13/2023,206
668,Big Eden,Teddi Kitt,Drama|Romance,8/24/2023,239
669,"Horrible Dr. Hichcock, The",Alasteir Lack,Horror,8/16/2023,102
670,In This Our Life,Yelena Lefort,Drama,7/3/2023,114
671,Pearl Jam: Immagine in Cornice - Live in Italy 2006,Albertina Gameson,Documentary|Musical,7/28/2023,146
672,"Guys, The",Ricoriki Paine,Drama,11/16/2022,176
673,Princess,Evvy Crowth,Action|Animation|Drama,5/25/2023,109
674,Valentine's Day,Aguistin Bayle,Comedy|Romance,1/1/2023,272
675,Lightning Strikes Twice,Riley Tydd,Drama|Mystery,5/22/2023,114
676,My Soul to Take,Doy Dudden,Horror|Thriller,1/25/2023,253
677,Trouble with the Curve,Vittorio Djokovic,Drama,7/29/2023,234
678,Girl Shy,Osmond Vooght,Action|Comedy|Drama|Romance,6/15/2023,118
679,Race,Noreen Kalinsky,Action|Comedy,9/15/2023,187
680,I Remember (Eu Me Lembro),Kirsten Arkwright,Drama,9/10/2023,218
681,Bikes vs Cars,Shae Brookwell,Documentary,10/13/2023,102
682,"Light at the Edge of the World, The",Abagael Martinon,Adventure,7/23/2023,213
683,Tough Guys,Sabine Badrock,Comedy,9/17/2023,199
684,Adelheid,Annemarie Mullin,Drama,12/20/2022,90
685,Mortal Kombat,Livy Doubrava,Action|Adventure|Fantasy,8/30/2023,211
686,Castaway,Sophia Hopfner,Adventure|Drama,9/20/2023,285
687,Destry Rides Again,Minerva Bruckstein,Comedy|Western,9/6/2023,92
688,Tammy and the T-Rex,Ekaterina Reilly,Comedy|Sci-Fi,3/25/2023,254
689,Voices,Jude Silversmid,Drama|Romance,2/16/2023,280
690,September Dawn,Carin Bingle,Drama|Romance|Western,2/26/2023,231
691,Chain Letter,Ian Boteman,Horror|Mystery|Thriller,2/20/2023,96
692,"Eye, The",Merwyn Merwe,Drama|Horror|Thriller,3/8/2023,115
693,Great Guy,Marcos Peartree,Crime|Drama|Mystery,6/15/2023,280
694,"Tale of Zatoichi Continues, The (Zoku Zatôichi monogatari) (Zatôichi 2)",Samuel Benmore,Action|Drama,6/9/2023,163
695,"Decoy Bride, The",Colline Cove,Comedy|Romance,8/17/2023,109
696,"Broadway Melody, The",Joy Shafto,Musical,10/11/2023,91
697,Emmet Otter's Jug-Band Christmas,Jaymee Sackey,Children|Comedy|Drama|Musical,11/24/2022,271
698,Hollow Triumph (a.k.a. The Scar),Correy Windous,Crime|Drama|Film-Noir,6/11/2023,280
699,Fidel,Anjanette Kiddle,Documentary,2/14/2023,100
700,Night Flier,Lemmy Giacobini,Horror,5/14/2023,171
701,Father and Guns (De père en flic),Valene Ornils,Comedy|Crime,8/16/2023,258
702,Being There,Candace Frogley,Comedy|Drama,12/3/2022,207
703,American Buffalo,Benjy Bone,Crime|Drama,7/19/2023,122
704,Bolero,Drucy Wincom,Drama|Romance,2/1/2023,132
705,I Drink Your Blood,Tisha Neubigin,Horror,3/28/2023,278
706,Cockpit,Austina Bysh,Comedy,3/15/2023,163
707,Narcissus,Anjela Greensmith,Musical,7/15/2023,187
708,Bustin' Loose,Isidore Littlekit,Comedy,6/22/2023,144
709,Buud Yam,Georgine McGilvary,Drama,9/21/2023,166
710,Strictly Ballroom,Bobbette Abramovitch,Comedy|Romance,11/9/2022,285
711,Tito and Me (Tito i ja),Juana Vallantine,Comedy,12/14/2022,144
712,Flight of the Living Dead,Kerk Sammonds,Action|Horror|Sci-Fi,10/20/2023,96
713,"Buddy Holly Story, The",Antons O'Brian,Drama,4/2/2023,142
714,Ingeborg Holm,Binnie Tilt,Drama,9/16/2023,300
715,Van Diemen's Land,Catherine Dallywater,Drama,9/30/2023,162
716,Starcrash (a.k.a. Star Crash),Marguerite Burcher,Action|Adventure|Fantasy|Sci-Fi,7/2/2023,184
717,Night Moves,Claudetta Ferrini,Drama|Thriller,3/1/2023,209
718,"Three Musketeers, The",Christy Novic,Adventure|Comedy|Musical,11/20/2022,195
719,Post Tenebras Lux,Merell Curness,Drama,9/12/2023,176
720,Are All Men Pedophiles,Anthiathia Donohue,Documentary,11/21/2022,98
721,"Hi-Lo Country, The",Mata Sallis,Drama|Romance|Western,4/16/2023,108
722,Magnolia,Dulcia Bendare,Drama,1/15/2023,106
723,Conserva Acabada,Deeanne Howick,(no genres listed),1/2/2023,185
724,I Don't Want to Talk About It (De eso no se habla),Klemens Rodge,Drama|Romance,2/25/2023,275
725,Secret Admirer,Carmon Gingell,Comedy|Romance,2/8/2023,176
726,Futurama: Into the Wild Green Yonder,Birk Swanger,Action|Animation|Comedy|Sci-Fi,8/26/2023,261
727,"Screaming Man, A (Un homme qui crie)",Leoine Brockie,Drama,1/20/2023,131
728,Place Vendôme,Marline Tilley,Crime|Drama,3/4/2023,262
729,"Driver, The",Kimbell Cristoferi,Action|Crime|Film-Noir,3/4/2023,260
730,3 Bad Men,Tiebout Podd,Western,6/8/2023,186
731,"Rage, The",Brianne Abbets,Horror|Sci-Fi,6/18/2023,150
732,Live Nude Girls,Maurine Lett,Comedy,9/25/2023,233
733,"Music Man, The",Grady Mewburn,Children|Comedy|Musical|Romance,3/28/2023,134
734,"Unreasonable Man, An",Jeanna Pegrum,Documentary,12/22/2022,263
735,Heaven Can Wait,Roberto Rihanek,Comedy|Fantasy|Romance,5/25/2023,152
736,Stranger by the Lake (L'inconnu du lac),Theodoric Weldrake,Drama|Romance,3/17/2023,139
737,Hellsing Ultimate OVA Series,Austen Perrigo,Action|Animation|Horror,1/20/2023,93
738,The Mark of Cain,Zena Alekseicik,Documentary|Drama,2/22/2023,202
739,"Bling Ring, The",Angel Scrowston,Crime|Drama,5/5/2023,175
740,Woyzeck,Koressa Bearn,Drama,11/10/2022,194
741,Johnny Was,Faunie Deboick,Action|Crime|Drama|Thriller,7/9/2023,287
742,Shoah,Kilian Wones,Documentary|War,1/20/2023,184
743,Skyjacked,Egor Schaumann,Action|Thriller,9/12/2023,225
744,Calendar Girls,Klaus Kivlin,Comedy,10/4/2023,118
745,Cream Lemon (Kurîmu remon),Neel Bellay,Comedy|Drama,10/18/2023,117
746,"Wizard of Baghdad, The",Thatcher Faucherand,Comedy|Fantasy|Musical,9/25/2023,223
747,Black Rose Ascension (Kurobara shôten),Myca Senn,Drama,1/22/2023,162
748,Caught Inside,Helene Cuardall,Action|Adventure|Horror|Thriller,3/11/2023,128
749,Anything for Her (Pour elle),Devlin Shortan,Crime|Drama|Thriller,3/26/2023,176
750,Just Cause,Eamon Joslin,Mystery|Thriller,10/18/2023,283
751,Walkabout,Ramsay Feldbau,Adventure|Drama,5/17/2023,169
752,Tender Comrade,Timothee Dunklee,Drama|Romance,5/1/2023,205
753,Short Time,Modesta Joppich,Comedy,12/29/2022,112
754,Body of Water (Syvälle salattu),Tanny Lovel,Drama|Mystery|Thriller,10/3/2023,245
755,Firehouse Dog,Charla Keir,Action|Comedy,6/3/2023,203
756,Sophia de Mello Breyner Andresen,Moe Eyles,Documentary,5/29/2023,146
757,Scarecrows,Loleta Gallego,Horror,9/10/2023,130
758,End of Suburbia: Oil Depletion and the Collapse of the American Dream,Corie Woof,Documentary,7/16/2023,235
759,The Monkey King,Margarethe Spere,Action|Adventure|Children|IMAX,7/20/2023,114
760,Carried Away,Barri Sussems,Drama|Romance,3/14/2023,178
761,Another Nine & a Half Weeks (Love in Paris) (9 1/2 Weeks II) (Another 9 1/2 Weeks),Lisbeth Johnstone,Drama|Romance,11/23/2022,234
762,"Bulli: Cooking in Progress, El",Morse Crum,Documentary,3/28/2023,272
763,Beowulf,Welsh Dufoure,Action|Adventure|Animation|Fantasy|IMAX,2/3/2023,163
764,Volcano (Eldfjall),Judi Siddall,Drama,9/8/2023,145
765,Dragonball Evolution,Shannon Lowther,Action|Adventure|Fantasy|Sci-Fi,12/9/2022,94
766,Eastern Drift (Indigène d'Eurasie),Morganica Rawstorn,Drama|Film-Noir|Thriller,10/1/2023,186
767,High Sierra,Elijah Bensley,Crime|Drama|Film-Noir|Thriller,11/29/2022,292
768,Late Marriage (Hatuna Meuheret),Jorey Shine,Comedy|Drama|Romance,3/11/2023,138
769,Kobe Doin' Work,Fernande Pucker,Documentary,3/16/2023,217
770,"War at Home, The",Gizela Lamp,Drama,5/24/2023,227
771,Maniac,Alysia Creed,Crime|Horror|Mystery|Romance|Thriller,4/12/2023,168
772,"Life Aquatic with Steve Zissou, The",Scarlett Waistell,Adventure|Comedy|Fantasy,2/10/2023,191
773,Satin Rouge,Tymon Favelle,Drama|Musical,1/30/2023,275
774,"Iron Giant, The",Aimee Penvarne,Adventure|Animation|Children|Drama|Sci-Fi,4/24/2023,280
775,Head Over Heels,Zahara Whitters,Animation|Children|Comedy|Romance,10/14/2023,202
776,"Toast of New York, The",Mayne Anstead,Comedy|Drama|War,12/4/2022,263
777,"Cigarette Girl of Mosselprom, The (Papirosnitsa ot Mosselproma)",Hilton Biggans,Comedy|Romance,9/12/2023,284
778,Charlie Victor Romeo,Artemis Ohanessian,Documentary|Drama|Thriller,10/29/2023,168
779,"Nibelungen: Kriemhild's Revenge, Die (Die Nibelungen: Kriemhilds Rache)",Fraser Giovannacci,Adventure|Drama|Fantasy,9/1/2023,194
780,Fantomas,Maryanna Oakley,Adventure|Comedy|Crime|Fantasy,2/17/2023,91
781,Black Rain,Jefferson Reynault,Action|Crime|Drama,3/26/2023,229
782,Quick Change,Roosevelt Howlings,Comedy|Crime,3/5/2023,140
783,Celebrity,Devondra Stoile,Comedy,8/1/2023,255
784,"Cathedral, The (Katedra)",Sybille McNirlan,Animation,8/21/2023,273
785,Miracle at Oxford (True Blue),Mycah Gibbieson,Drama,7/2/2023,254
786,Pompeii,Silas Caudell,Action|Adventure|Drama,1/1/2023,90
787,"Good Day to Die Hard, A",Rriocard Livsey,Action|Crime|Thriller|IMAX,8/19/2023,264
788,Support Your Local Gunfighter,Mora Simnett,Comedy|Romance|Western,12/10/2022,106
789,Wild Tales,Hermy Meeks,Comedy|Drama|Thriller,12/19/2022,253
790,Lucky Them,Rozella Axford,Drama,10/18/2023,144
791,Seduced and Abandoned,Parke Burth,Comedy|Documentary,6/3/2023,300
792,The Great Gatsby,Gibb Phillp,Drama,4/4/2023,261
793,Dadetown,Beatrisa McConigal,Drama,4/25/2023,158
794,Small Cuts (Petites coupures),Michal Brockie,Drama|Romance,6/3/2023,225
795,Breezy,Jacquelyn Clist,Drama|Romance,1/23/2023,209
796,Last Call at the Oasis,Nikki Chastey,Documentary,1/13/2023,265
797,"War of the Gargantuas, The (Furankenshutain no kaijû: Sanda tai Gaira)",Faustina Dehn,Horror|Sci-Fi,8/20/2023,183
798,Life with Father,Deva Achromov,Comedy,12/10/2022,97
799,"Far Side of the Moon, The (Face cachée de la lune, La)",Kirsten Averies,Drama,2/23/2023,217
800,"Ghoul, The",Dorena Van der Hoeven,Drama|Horror,11/20/2022,233
801,"Bourne Legacy, The",Mattheus Loughead,Action|Adventure|Drama|Thriller|IMAX,8/8/2023,292
802,Black Tar Heroin: The Dark End of the Street,Gusty Veneur,Documentary,12/19/2022,137
803,Free Enterprise,Paten Petrillo,Comedy|Romance|Sci-Fi,1/19/2023,112
804,Company Business,Charo Kernock,Action|Comedy,12/30/2022,148
805,"Punk Singer, The",Thain Heasly,Documentary,1/6/2023,293
806,"Hebrew Hammer, The",Robbie Heel,Comedy,11/1/2022,248
807,Dead Silence,Ardine Geipel,Action|Drama|Thriller,4/23/2023,210
808,Mesrine: Killer Instinct (L'instinct de mort),Arte Taleworth,Action|Crime|Drama|Thriller,8/29/2023,276
809,"Time to Love and a Time to Die, A",Asher Bondley,Drama|Romance|War,11/5/2022,195
810,"Four Days in September (O Que É Isso, Companheiro?)",Gayla Burges,Drama,5/22/2023,188
811,City Under Siege (Chun sing gai bei),Morse Rosenbloom,Action|Sci-Fi,9/12/2023,158
812,"Secret, The",Corrinne Snoday,Drama|Romance,4/22/2023,128
813,Leviathan,Rice Paddefield,Horror|Sci-Fi|Thriller,3/18/2023,107
814,Ai Weiwei: Never Sorry,Gladi Dunniom,Documentary,4/26/2023,176
815,"Bride Comes Home, The",Hildegaard Hallum,Comedy|Romance,4/21/2023,107
816,Final Cut,Judah Presnail,Drama,8/31/2023,261
817,Running Scared,Floris Kershow,Action|Comedy,3/21/2023,287
818,"Cutting Edge: The Magic of Movie Editing, The",Xylia Durram,Documentary,7/8/2023,277
819,Striking Distance,Sandi Everiss,Action|Crime,5/23/2023,133
820,"Tale of the Wind, A (Histoire de vent, Une)",Margit Poynter,Documentary,3/8/2023,260
821,Un vampiro para dos,Netty Tender,Comedy|Horror,3/28/2023,181
822,City on Fire (Lung fu fong wan),Bartel Sellen,Action|Crime|Drama|Thriller,1/11/2023,299
823,"Legend of Lylah Clare, The",Valeria Redhole,Drama,1/27/2023,266
824,Kicking and Screaming,Thoma Beckley,Comedy|Drama,3/9/2023,146
825,Insurgent,Walliw Tipler,Action|Romance|Sci-Fi,8/25/2023,296
826,Rookie of the Year,Gloriana Vannet,Comedy|Fantasy,11/10/2022,235
827,Escape from Suburbia: Beyond the American Dream,Gabriel Abyss,Documentary,1/5/2023,91
828,"Ewok Adventure, The (a.k.a. Caravan of Courage: An Ewok Adventure)",Dugald Janosevic,Adventure|Children|Fantasy|Sci-Fi,12/22/2022,247
829,"Serbian Film, A (Srpski film)",Jeffy Littleton,Horror|Thriller,1/29/2023,123
830,Heart of Glass (Herz aus Glas),Corty Rennox,Drama,1/18/2023,166
831,All Through the Night,Cordula Franceschelli,Action|Comedy|Drama|Thriller|War,12/21/2022,256
832,Att stjäla en tjuv,Melamie Brimelow,Comedy,12/26/2022,105
833,It's a Boy Girl Thing,Hube Izachik,Comedy|Romance,1/26/2023,254
834,My Kidnapper,Luca Cheek,Documentary,7/9/2023,176
835,Derek,Thibaud Marin,Documentary,10/11/2023,162
836,Gray Lady Down,Iver McConway,Drama|Thriller,2/27/2023,162
837,"Definitely, Maybe",Adrianna Jacobsohn,Comedy|Drama|Romance,5/26/2023,287
838,"Pied Piper, The (Pied Piper of Hamelin, The)",Siana Benardette,Children|Drama|Fantasy|Musical,6/17/2023,104
839,Days of Heaven,Sigismondo Cardiff,Drama,11/25/2022,241
840,That Certain Woman,Wendi Goadbie,Drama|Romance,4/2/2023,170
841,Graduation Day,Dorrie Winterbotham,Horror,8/21/2023,282
842,"Buona Sera, Mrs. Campbell",Byrom Birkin,Comedy,1/5/2023,166
843,Benji ,Bram Lapre,Documentary,11/8/2022,264
844,Army of One (Joshua Tree),Natka Ivanonko,Action|Adventure|Crime|Drama|Mystery|Thriller,7/30/2023,90
845,"Sea Hawk, The",Barbette Braikenridge,Adventure|Drama|Romance,4/22/2023,274
846,Looking for Hortense (Cherchez Hortense) ,Karine Drife,Drama,5/14/2023,243
847,Megan Is Missing,Karlene Georgeou,Crime|Drama,6/7/2023,92
848,Who the #$&% is Jackson Pollock?,Olav Rudgard,Documentary,3/7/2023,236
849,Musikanten,Letizia Boulger,(no genres listed),7/24/2023,215
850,"Act of Killing, The",Janith Crummy,Documentary,5/16/2023,103
851,Go Figure (Va savoir),Ross Cuncarr,Comedy|Drama|Romance,2/21/2023,165
852,Livid (Livide),Stillman Culbert,Fantasy|Horror,4/12/2023,291
853,"She Does Not Drink, Smoke or Flirt But... She Talks",Emelda Rykert,Comedy,12/25/2022,292
854,Longford,Ediva Dmtrovic,Crime|Drama,9/25/2023,186
855,"Lizard in a Woman's Skin, A (Lucertola con la pelle di donna, Una)",Tildi Gouldsmith,Horror|Mystery|Thriller,7/20/2023,215
856,Richard III,Rosaleen Guido,Drama,10/19/2023,193
857,"Nomi Song, The",Kris Beeck,Documentary|Musical,9/28/2023,298
858,Pan Tadeusz: The Last Foray in Lithuania (Pan Tadeusz),Anny Innes,Drama|Romance|War,4/20/2023,194
859,"Grandmaster, The (Yi dai zong shi)",Madelena Poel,Action|Drama|IMAX,3/5/2023,202
860,"Lord, Save Us from Your Followers",Roda Apted,Documentary,3/28/2023,139
861,Critters 2: The Main Course,Dud Rubes,Comedy|Horror|Sci-Fi,8/27/2023,271
862,"Fearless Freaks, The",Bryant DeSousa,Documentary|Musical,1/28/2023,238
863,Harry Brown,Lucky Martinyuk,Crime|Drama|Thriller,7/5/2023,105
864,Gamer,Izaak Jarlmann,Action|Sci-Fi|Thriller,3/12/2023,120
865,"X from Outer Space, The (Uchû daikaijû Girara)",Pearl Isakson,Horror|Sci-Fi,5/15/2023,132
866,"Babadook, The",Alfonse Linthead,Drama|Horror|Thriller,2/28/2023,218
867,You've Been Trumped,Samson Adenet,Documentary,1/21/2023,113
868,Ben,Stanislaus Tangye,Horror|Thriller,1/2/2023,129
869,Ruby Sparks,Cass Hailston,Comedy|Fantasy|Romance,2/5/2023,121
870,Passenger Side,Winnifred D'Aguanno,Comedy|Drama,3/7/2023,123
871,Twentynine Palms,Candi Battersby,Drama|Horror,6/10/2023,201
872,Squanto: A Warrior's Tale,Thorvald Redmore,Adventure|Drama,5/1/2023,159
873,Osmosis Jones,Gwenette Downe,Action|Animation|Comedy|Crime|Drama|Romance|Thriller,3/24/2023,215
874,10 Things I Hate About You,Hildegaard Petford,Comedy|Romance,1/8/2023,168
875,Princess (Prinsessa),Atlante Leggat,Drama,10/26/2023,193
876,Jesus Christ Superstar,Phebe Fillery,Drama|Musical,7/17/2023,143
877,Dodes'ka-den (Clickety-Clack),Dotti Jacquemard,Drama|Fantasy,2/23/2023,98
878,The Chumscrubber,Elizabet McDowall,Comedy|Drama,3/5/2023,282
879,That's Life,Persis Beeson,Comedy,9/23/2023,209
880,"Prisoner of Zenda, The",Barrie Colliford,Adventure,8/13/2023,103
881,Observe and Report,Gustavo Crannell,Action|Comedy,9/6/2023,118
882,Santitos,Austin Laycock,Comedy,4/26/2023,244
883,Diary of a Country Priest (Journal d'un curé de campagne),Garwood Baiyle,Drama,4/2/2023,150
884,Vizontele Tuuba,Tadd Wiburn,Comedy|Drama,1/13/2023,178
885,Musikanten,Siward Sisley,(no genres listed),3/28/2023,263
886,"Certain Kind Of Death, A",Mychal Finnimore,Documentary,5/19/2023,242
887,Nekromantik,Randal Ballance,Comedy|Horror,9/11/2023,149
888,Journey from the Fall,Ilene Langtree,Drama,7/14/2023,234
889,No Impact Man: The Documentary,Kerr Donlon,Documentary,8/19/2023,261
890,George Carlin: Life Is Worth Losing,Bernadina Rixon,Comedy,8/5/2023,120
891,Josephine,Jade Derges,Comedy|Romance,10/21/2023,100
892,"Scotland, Pa.",Kelley Disman,Comedy|Crime,4/14/2023,188
893,Rogue Trader,Enoch Luggar,Crime|Drama,5/15/2023,258
894,Dragonheart 3: The Sorcerer's Curse,Edyth Dewane,Action|Adventure|Fantasy,2/10/2023,297
895,School For Scoundrels,Marilee Thursby,Comedy,5/22/2023,193
896,Not as a Stranger,Sile Birchett,Drama,1/29/2023,241
897,Priest,Natty Varian,Drama,3/19/2023,255
898,Get Him to the Greek,Claude Wahlberg,Comedy,7/16/2023,103
899,Going Straight,Lynnet Syversen,Crime|Drama,12/15/2022,183
900,Yves Saint Laurent,Connie Duchart,Drama|Romance,3/19/2023,144
901,Out in the Dark,Pierce Tamblyn,Drama|Romance,12/18/2022,125
902,"Man in Grey, The",Bethina Whitmore,Drama|Romance,8/27/2023,233
903,Just My Luck,Claus Boame,Comedy|Romance,2/11/2023,148
904,"Seventh Heaven (Septième ciel, Le)",Tadd Brymner,Drama|Romance,10/5/2023,103
905,Colorado Avenue,Herbie Curson,Drama,2/3/2023,236
906,"Killing Floor, The",Gisela Abbs,Crime|Horror|Mystery,9/10/2023,268
907,"Strong Man, The",Eadmund Ashmole,Comedy,3/28/2023,278
908,Tokyo Twilight (Tôkyô boshoku),Agatha Marriott,Drama,12/13/2022,215
909,"Marc Pease Experience, The",Clevie Ziemke,Comedy|Drama|Musical,10/30/2022,280
910,Men of Honor,Tessa Parnham,Drama,3/23/2023,240
911,1,Beck Acum,Documentary,11/23/2022,165
912,"Lady Takes a Chance, A",Andriana Grannell,Comedy|Romance|Western,1/5/2023,159
913,"Breakfast Club, The",Chris Obal,Comedy|Drama,4/4/2023,254
914,"Confucian Confusion, A (Du li shi dai)",Jaye Senussi,Comedy,1/24/2023,92
915,Hell's Highway: The True Story of Highway Safety Films,Hannie Loton,Documentary,10/21/2023,266
916,Captain America,Christiana Collumbell,Action|Drama,10/9/2023,153
917,Viva Villa!,Mellicent Jaksic,Western,6/26/2023,118
918,Immortel (ad vitam) (Immortal),Susanna Wemyss,Action|Adventure|Animation|Fantasy|Sci-Fi,6/7/2023,219
919,"Little Soldier, The (Petit soldat, Le)",Misha Shackel,Drama|War,2/18/2023,175
920,Three Colors: Blue (Trois couleurs: Bleu),Mischa Brett,Drama,4/18/2023,192
921,Friday the 13th Part V: A New Beginning,Catherine McMichael,Horror,11/25/2022,287
922,Iron Man: Rise Of Technovore,Franklyn Pomfrett,Animation,10/23/2023,262
923,"Loco Love (Mi Casa, Su Casa)",John Pickerin,Comedy,4/10/2023,245
924,"Good Guy, The",Stacia Coalbran,Comedy|Romance,10/27/2023,241
925,Meet the Robinsons,Leodora Skin,Action|Adventure|Animation|Children|Comedy|Sci-Fi,11/17/2022,281
926,Sacro GRA,Bard Udell,Documentary,7/5/2023,215
927,Beverly Hills Cop II,Malory Behr,Action|Comedy|Crime|Thriller,11/15/2022,256
928,"Rapture, The",Barthel Olesen,Drama|Mystery,3/11/2023,270
929,Little Black Book,Kendricks Bradforth,Comedy|Romance,9/11/2023,121
930,Murder on the Orient Express,Lauri Chesley,Crime|Mystery|Thriller,3/20/2023,144
931,Here Comes the Groom,Evelyn Donet,Comedy|Musical|Romance,2/21/2023,150
932,Betrayal,Rutter Marcq,Drama|Thriller,3/4/2023,204
933,Sophie's Choice,Vevay Halligan,Drama,4/29/2023,98
934,"Leopard Man, The",Ariana Edworthy,Drama|Horror|Mystery|Thriller,7/10/2023,231
935,Hang 'Em High,Nathanael Vass,Crime|Drama|Western,1/20/2023,288
936,Grouse,Jayson MacLeese,Comedy,11/14/2022,109
937,Last Days,Prisca Langham,Drama,11/19/2022,290
938,How to Survive a Plague,Park Custard,Documentary,5/13/2023,201
939,"Violent City (Family, The) (Città violenta)",Daniela Magister,Action|Crime|Drama,8/27/2023,120
940,"Captive, The (Prisonnière, La)",Ekaterina Batrip,Animation|Fantasy,11/23/2022,260
941,Jimmy and Judy,Nestor Thebes,Crime|Drama|Thriller,8/30/2023,102
942,My Architect: A Son's Journey,Alie Van den Velde,Documentary,2/18/2023,238
943,Dog Tags,Bary Mulliss,Drama|Romance,4/23/2023,179
944,Shiloh,Lenette Spavon,Children|Drama,5/25/2023,282
945,Vizontele Tuuba,Abra Harome,Comedy|Drama,9/3/2023,241
946,"Proposition, The",Abbie Parren,Crime|Drama|Western,9/17/2023,264
947,Skeleton Man,Annemarie Mein,Action|Horror,7/4/2023,144
948,Carefree,Hoyt Tipens,Comedy|Musical|Romance,5/10/2023,104
949,Four Eyed Monsters,Guilbert Sansam,Comedy|Drama|Fantasy|Romance,12/30/2022,165
950,Phone Call from a Stranger,Vince Pietrasik,Drama,11/8/2022,174
951,Lost in Siberia (Ausgerechnet Sibirien),Billi Steynor,Comedy|Drama,11/30/2022,280
952,Pennies from Heaven,Graham Glennard,Musical|Romance,10/25/2023,169
953,Mister Magoo's Christmas Carol,Patrizius Korneev,Animation|Children|Comedy|Drama|Fantasy|Musical,7/3/2023,210
954,Pat and Mike,Billy Simnor,Comedy|Romance,7/29/2023,299
955,Blood Ties,Cecilla Grabiec,Crime|Drama|Thriller,12/29/2022,212
956,"What's Up, Tiger Lily?",Nicoline Barz,Adventure|Comedy|Crime|Thriller,9/14/2023,178
957,Shipwrecked (a.k.a. Haakon Haakonsen),Caryl Cadigan,Adventure|Children,9/4/2023,143
958,Hick,Nedi Frame,Drama|Romance,12/27/2022,100
959,Incognito,Nanete Bourget,Crime|Thriller,5/2/2023,261
960,What? (Che?),Lotta Wilkerson,Comedy,6/6/2023,149
961,Time to Kill (Tempo di uccidere),Sallee Itzkovwich,Drama|War,12/14/2022,196
962,"Art of War III: Retribution, The",Seymour Mulqueen,Action|Thriller,8/20/2023,206
963,"Road, The",Kristel Kinnett,Adventure|Drama|Thriller,4/6/2023,190
964,"Power of Nightmares, The: The Rise of the Politics of Fear",Yetta Lippitt,Documentary,2/18/2023,135
965,Kidnapping Mr. Heineken,Koren Lefridge,Action|Crime|Drama|Thriller,7/4/2023,230
966,"Dilettante, La",Kiley Baudinelli,Comedy,9/7/2023,106
967,Rat Race,Willow Lauthian,Comedy,8/9/2023,202
968,"Henry IV, Part II (Second Part of King Henry the Fourth, including his death and the coronation of King Henry the Fifth, The)",Andrej Ameer-Beg,Drama,8/15/2023,192
969,Trick or Treat,Giorgi Dunaway,Horror,4/6/2023,291
970,My Sister's Keeper,Devonna Hicks,Drama,7/28/2023,105
971,"Target Shoots First, The",Washington Maltby,Comedy|Drama,9/9/2023,208
972,Somewhere in the City,Anton Bodocs,Comedy|Drama,2/28/2023,253
973,Berlin Express,Goldy Mayoh,Crime|Drama|Film-Noir|Thriller,5/8/2023,224
974,Mega Shark vs. Crocosaurus,Olivette Hacker,Action|Adventure|Horror,1/27/2023,148
975,"Simple-Minded Murder, The (Enfaldige mördaren, Den)",Pammie Mc Cahey,Drama,2/6/2023,262
976,The Retrieval,Guillaume Rountree,Drama|Western,6/18/2023,244
977,The Legend of Mor'du,Bertina Bumphries,Animation|Children,12/21/2022,288
978,Empire,Nellie Panchen,Documentary,8/21/2023,178
979,I Live My Life,Madeleine Sidry,Comedy|Romance,1/6/2023,209
980,"Corruptor, The",Grantley McAw,Action|Crime|Drama|Thriller,11/9/2022,138
981,Cocaine Cowboys II: Hustlin' With the Godmother,Klarrisa Haps,Crime|Documentary,2/11/2023,219
982,No Impact Man: The Documentary,Celinda Ping,Documentary,8/13/2023,91
983,Rendez-vous,Reinald Wigan,Drama,7/9/2023,98
984,Meatballs Part II,Cindelyn Jakobsson,Comedy,8/24/2023,213
985,"Wolverine, The",Rhea MacAllen,Action|Adventure|Fantasy|Sci-Fi,6/10/2023,120
986,Urbanized,Simona Longhurst,Documentary,6/15/2023,195
987,Saludos Amigos,Terrye Coxhell,Animation|Children|Comedy,11/12/2022,201
988,Bedevilled (Kim Bok-nam salinsageonui jeonmal),Carissa Trower,Crime|Drama|Horror,5/5/2023,254
989,Love Me No More (Deux jours à tuer),Vassily Hattoe,Drama|Romance,7/21/2023,227
990,Little Murders,Coralie Seres,Comedy|Crime,11/2/2022,257
991,Crime Wave,Leilah Gorick,Adventure|Comedy,6/25/2023,135
992,Jay And Silent Bob's Super Groovy Cartoon Movie,Glynis Mudge,(no genres listed),2/17/2023,104
993,Cheeky (Trasgredire),Brigid Chrishop,Comedy|Drama,7/20/2023,205
994,Sanshiro Sugata (Judo Saga) (Sugata Sanshirô),Brodie Triggol,Action|Adventure|Drama,9/30/2023,172
995,Happy We (Två killar och en tjej),Leoline Castro,Comedy|Drama,4/29/2023,129
996,Exiled (Fong juk),Bartholomeo Feron,Action|Crime|Thriller,11/2/2022,182
997,Illegal Tender,Helaina Dunkley,Crime|Drama|Thriller,1/26/2023,175
998,Gett: The Trial of Viviane Amsalem,Karissa Athow,Drama,11/5/2022,100
999,Johnny Was,Colet Clemson,Action|Crime|Drama|Thriller,6/24/2023,232
1000,"First Deadly Sin, The",Wilow Maytum,Thriller,1/19/2023,133
